No;Provinsi;Kabupaten/Kota;Delineasi; Indikasi Alokasi ;Kode Kabupaten/kota
1;ACEH;Kabupaten Simeulue;DJKP; 726 ;1101
2;ACEH;Kabupaten Aceh Singkil;DJPDS; 800 ;1102
3;ACEH;Kabupaten Aceh Selatan;DJPDS; 692 ;1103
4;ACEH;Kabupaten Aceh Tenggara;DJPDS; 522 ;1104
5;ACEH;Kabupaten Aceh Timur;DJPDS; 639 ;1105
6;ACEH;Kabupaten Aceh Tengah;DJPDS; 671 ;1106
7;ACEH;Kabupaten Aceh Barat;DJPDS; 818 ;1107
8;ACEH;Kabupaten Aceh Besar;DJPDS; 805 ;1108
9;ACEH;Kabupaten Pidie;DJPDS; 810 ;1109
10;ACEH;Kabupaten Bireuen;DJPDS; 637 ;1110
11;ACEH;Kabupaten Aceh Utara;DJPDS; 859 ;1111
12;ACEH;Kabupaten Aceh Barat Daya;DJPDS; 629 ;1112
13;ACEH;Kabupaten Gayo Lues;DJPDS; 628 ;1113
14;ACEH;Kabupaten Aceh Tamiang;DJPDS; 633 ;1114
15;ACEH;Kabupaten Nagan Raya;DJPDS; 546 ;1115
16;ACEH;Kabupaten Aceh Jaya;DJPDS; 546 ;1116
17;ACEH;Kabupaten Bener Meriah;DJPDS; 711 ;1117
18;ACEH;Kabupaten Pidie Jaya;DJPDS; 671 ;1118
19;ACEH;Kota Banda Aceh;DJPKT; 516 ;1171
20;ACEH;Kota Sabang;DJKP; 609 ;1172
21;ACEH;Kota Langsa;DJPKT; 594 ;1173
22;ACEH;Kota Lhokseumawe;DJPKT; 670 ;1174
23;ACEH;Kota Subulussalam;DJPDS; 645 ;1175
24;SUMATERA UTARA;Kabupaten Nias;DJPDS; 642 ;1201
25;SUMATERA UTARA;Kabupaten Mandailing Natal;DJPDS; 537 ;1202
26;SUMATERA UTARA;Kabupaten Tapanuli Selatan;DJPDS; 346 ;1203
27;SUMATERA UTARA;Kabupaten Tapanuli Tengah;DJPDS; 676 ;1204
28;SUMATERA UTARA;Kabupaten Tapanuli Utara;DJPDS; 611 ;1205
29;SUMATERA UTARA;Kabupaten Toba;DJPDS; 509 ;1206
30;SUMATERA UTARA;Kabupaten Labuhanbatu;DJPDS; 652 ;1207
31;SUMATERA UTARA;Kabupaten Asahan;DJPKT; 582 ;1208
32;SUMATERA UTARA;Kabupaten Simalungun;DJPDS; 569 ;1209
33;SUMATERA UTARA;Kabupaten Dairi;DJPDS; 561 ;1210
34;SUMATERA UTARA;Kabupaten Karo;DJPDS; 458 ;1211
35;SUMATERA UTARA;Kabupaten Deli Serdang;DJPKT; 518 ;1212
36;SUMATERA UTARA;Kabupaten Langkat;DJPDS; 712 ;1213
37;SUMATERA UTARA;Kabupaten Nias Selatan;DJPDS; 881 ;1214
38;SUMATERA UTARA;Kabupaten Humbang Hasundutan;DJPDS; 457 ;1215
39;SUMATERA UTARA;Kabupaten Pakpak Bharat;DJPDS; 395 ;1216
40;SUMATERA UTARA;Kabupaten Samosir;DJPDS; 556 ;1217
41;SUMATERA UTARA;Kabupaten Serdang Bedagai;DJPDS; 467 ;1218
42;SUMATERA UTARA;Kabupaten Batu Bara;DJPDS; 731 ;1219
43;SUMATERA UTARA;Kabupaten Padang Lawas Utara;DJPDS; 439 ;1220
44;SUMATERA UTARA;Kabupaten Padang Lawas;DJPDS; 409 ;1221
45;SUMATERA UTARA;Kabupaten Labuhanbatu Selatan;DJPDS; 423 ;1222
46;SUMATERA UTARA;Kabupaten Labuhanbatu Utara;DJPDS; 567 ;1223
47;SUMATERA UTARA;Kabupaten Nias Utara;DJPDS; 898 ;1224
48;SUMATERA UTARA;Kabupaten Nias Barat;DJPDS; 814 ;1225
49;SUMATERA UTARA;Kota Sibolga;DJKP; 811 ;1271
50;SUMATERA UTARA;Kota Tanjungbalai;DJPKT; 589 ;1272
51;SUMATERA UTARA;Kota Pematangsiantar;DJPKT; 517 ;1273
52;SUMATERA UTARA;Kota Tebing Tinggi;DJPKT; 533 ;1274
53;SUMATERA UTARA;Kota Medan;DJPKT; 1.054 ;1275
54;SUMATERA UTARA;Kota Binjai;DJPKT; 469 ;1276
55;SUMATERA UTARA;Kota Padangsidimpuan;DJPKT; 470 ;1277
56;SUMATERA UTARA;Kota Gunungsitoli;DJPDS; 815 ;1278
57;SUMATERA BARAT;Kabupaten Kepulauan Mentawai;DJKP; 730 ;1301
58;SUMATERA BARAT;Kabupaten Pesisir Selatan;DJPDS; 505 ;1302
59;SUMATERA BARAT;Kabupaten Solok;DJPDS; 429 ;1303
60;SUMATERA BARAT;Kabupaten Sijunjung;DJPDS; 387 ;1304
61;SUMATERA BARAT;Kabupaten Tanah Datar;DJPDS; 302 ;1305
62;SUMATERA BARAT;Kabupaten Padang Pariaman;DJPDS; 463 ;1306
63;SUMATERA BARAT;Kabupaten Agam;DJPDS; 487 ;1307
64;SUMATERA BARAT;Kabupaten Lima Puluh Kota;DJPDS; 429 ;1308
65;SUMATERA BARAT;Kabupaten Pasaman;DJPDS; 345 ;1309
66;SUMATERA BARAT;Kabupaten Solok Selatan;DJPDS; 429 ;1310
67;SUMATERA BARAT;Kabupaten Dharmasraya;DJPDS; 350 ;1311
68;SUMATERA BARAT;Kabupaten Pasaman Barat;DJPDS; 531 ;1312
69;SUMATERA BARAT;Kota Padang;DJPKT; 581 ;1371
70;SUMATERA BARAT;Kota Solok;DJPKT; 348 ;1372
71;SUMATERA BARAT;Kota Sawahlunto;DJPKT; 240 ;1373
72;SUMATERA BARAT;Kota Padang Panjang;DJPKT; 355 ;1374
73;SUMATERA BARAT;Kota Bukittinggi;DJPKT; 323 ;1375
74;SUMATERA BARAT;Kota Payakumbuh;DJPKT; 373 ;1376
75;SUMATERA BARAT;Kota Pariaman;DJPKT; 381 ;1377
76;RIAU;Kabupaten Kuantan Singingi;DJPDS; 527 ;1401
77;RIAU;Kabupaten Indragiri Hulu;DJPDS; 429 ;1402
78;RIAU;Kabupaten Indragiri Hilir;DJPDS; 529 ;1403
79;RIAU;Kabupaten Pelalawan;DJPDS; 630 ;1404
80;RIAU;Kabupaten Siak;DJPDS; 436 ;1405
81;RIAU;Kabupaten Kampar;DJPDS; 554 ;1406
82;RIAU;Kabupaten Rokan Hulu;DJPDS; 736 ;1407
83;RIAU;Kabupaten Bengkalis;DJPDS; 498 ;1408
84;RIAU;Kabupaten Rokan Hilir;DJPDS; 639 ;1409
85;RIAU;Kabupaten Kepulauan Meranti;DJKP; 991 ;1410
86;RIAU;Kota Pekanbaru;DJPKT; 606 ;1471
87;RIAU;Kota Dumai;DJPKT; 411 ;1473
88;JAMBI;Kabupaten Kerinci;DJPDS; 512 ;1501
89;JAMBI;Kabupaten Merangin;DJPDS; 613 ;1502
90;JAMBI;Kabupaten Sarolangun;DJPDS; 571 ;1503
91;JAMBI;Kabupaten Batang Hari;DJPDS; 635 ;1504
92;JAMBI;Kabupaten Muaro Jambi;DJPDS; 410 ;1505
93;JAMBI;Kabupaten Tanjung Jabung Timur;DJPDS; 556 ;1506
94;JAMBI;Kabupaten Tanjung Jabung Barat;DJPDS; 650 ;1507
95;JAMBI;Kabupaten Tebo;DJPDS; 420 ;1508
96;JAMBI;Kabupaten Bungo;DJPDS; 484 ;1509
97;JAMBI;Kota Jambi;DJPKT; 728 ;1571
98;JAMBI;Kota Sungai Penuh;DJPKT; 375 ;1572
99;SUMATERA SELATAN;Kabupaten Ogan Komering Ulu;DJPDS; 699 ;1601
100;SUMATERA SELATAN;Kabupaten Ogan Komering Ilir;DJPDS; 928 ;1602
101;SUMATERA SELATAN;Kabupaten Muara Enim;DJPDS; 712 ;1603
102;SUMATERA SELATAN;Kabupaten Lahat;DJPDS; 805 ;1604
103;SUMATERA SELATAN;Kabupaten Musi Rawas;DJPDS; 693 ;1605
104;SUMATERA SELATAN;Kabupaten Musi Banyuasin;DJPDS; 725 ;1606
105;SUMATERA SELATAN;Kabupaten Banyuasin;DJPDS; 771 ;1607
106;SUMATERA SELATAN;Kabupaten Ogan Komering Ulu Selatan;DJPDS; 672 ;1608
107;SUMATERA SELATAN;Kabupaten Ogan Komering Ulu Timur;DJPDS; 639 ;1609
108;SUMATERA SELATAN;Kabupaten Ogan Ilir;DJPDS; 692 ;1610
109;SUMATERA SELATAN;Kabupaten Empat Lawang;DJPDS; 658 ;1611
110;SUMATERA SELATAN;Kabupaten Penukal Abab Lematang Ilir;DJPDS; 505 ;1612
111;SUMATERA SELATAN;Kabupaten Musi Rawas Utara;DJPDS; 671 ;1613
112;SUMATERA SELATAN;Kota Palembang;DJPKT; 1.252 ;1671
113;SUMATERA SELATAN;Kota Prabumulih;DJPKT; 680 ;1672
114;SUMATERA SELATAN;Kota Pagar Alam;DJPDS; 484 ;1673
115;SUMATERA SELATAN;Kota Lubuklinggau;DJPKT; 753 ;1674
116;BENGKULU;Kabupaten Bengkulu Selatan;DJPDS; 840 ;1701
117;BENGKULU;Kabupaten Rejang Lebong;DJPDS; 745 ;1702
118;BENGKULU;Kabupaten Bengkulu Utara;DJPDS; 650 ;1703
119;BENGKULU;Kabupaten Kaur;DJPDS; 822 ;1704
120;BENGKULU;Kabupaten Seluma;DJPDS; 874 ;1705
121;BENGKULU;Kabupaten Mukomuko;DJPDS; 666 ;1706
122;BENGKULU;Kabupaten Lebong;DJPDS; 554 ;1707
123;BENGKULU;Kabupaten Kepahiang;DJPDS; 651 ;1708
124;BENGKULU;Kabupaten Bengkulu Tengah;DJPDS; 532 ;1709
125;BENGKULU;Kota Bengkulu;DJPKT; 1.012 ;1771
126;LAMPUNG;Kabupaten Lampung Barat;DJPDS; 754 ;1801
127;LAMPUNG;Kabupaten Tanggamus;DJPDS; 861 ;1802
128;LAMPUNG;Kabupaten Lampung Selatan;DJPKT; 1.023 ;1803
129;LAMPUNG;Kabupaten Lampung Timur;DJPDS; 971 ;1804
130;LAMPUNG;Kabupaten Lampung Tengah;DJPDS; 868 ;1805
131;LAMPUNG;Kabupaten Lampung Utara;DJPDS; 1.086 ;1806
132;LAMPUNG;Kabupaten Way Kanan;DJPDS; 763 ;1807
133;LAMPUNG;Kabupaten Tulang Bawang;DJPDS; 577 ;1808
134;LAMPUNG;Kabupaten Pesawaran;DJPDS; 724 ;1809
135;LAMPUNG;Kabupaten Pringsewu;DJPKT; 578 ;1810
136;LAMPUNG;Kabupaten Mesuji;DJPDS; 421 ;1811
137;LAMPUNG;Kabupaten Tulang Bawang Barat;DJPDS; 434 ;1812
138;LAMPUNG;Kabupaten Pesisir Barat;DJKP; 621 ;1813
139;LAMPUNG;Kota Bandar Lampung;DJPKT; 866 ;1871
140;LAMPUNG;Kota Metro;DJPKT; 452 ;1872
141;KEPULAUAN BANGKA BELITUNG;Kabupaten Bangka;DJPDS; 395 ;1901
142;KEPULAUAN BANGKA BELITUNG;Kabupaten Belitung;DJKP; 339 ;1902
143;KEPULAUAN BANGKA BELITUNG;Kabupaten Bangka Barat;DJKP; 195 ;1903
144;KEPULAUAN BANGKA BELITUNG;Kabupaten Bangka Tengah;DJPDS; 412 ;1904
145;KEPULAUAN BANGKA BELITUNG;Kabupaten Bangka Selatan;DJPDS; 316 ;1905
146;KEPULAUAN BANGKA BELITUNG;Kabupaten Belitung Timur;DJKP; 404 ;1906
147;KEPULAUAN BANGKA BELITUNG;Kota Pangkalpinang;DJPKT; 371 ;1971
148;KEPULAUAN RIAU;Kabupaten Karimun;DJKP; 505 ;2101
149;KEPULAUAN RIAU;Kabupaten Bintan;DJKP; 455 ;2102
150;KEPULAUAN RIAU;Kabupaten Natuna;DJKP; 361 ;2103
151;KEPULAUAN RIAU;Kabupaten Lingga;DJKP; 546 ;2104
152;KEPULAUAN RIAU;Kabupaten Kepulauan Anambas;DJKP; 461 ;2105
153;KEPULAUAN RIAU;Kota Batam;DJKP; 832 ;2171
154;KEPULAUAN RIAU;Kota Tanjung Pinang;DJKP; 527 ;2172
155;DKI JAKARTA;Kabupaten Kepulauan Seribu;DJKP; 555 ;3101
156;DKI JAKARTA;Kota Jakarta Selatan;DJPKT; 910 ;3171
157;DKI JAKARTA;Kota Jakarta Timur;DJPKT; 1.059 ;3172
158;DKI JAKARTA;Kota Jakarta Pusat;DJPKT; 732 ;3173
159;DKI JAKARTA;Kota Jakarta Barat;DJPKT; 980 ;3174
160;DKI JAKARTA;Kota Jakarta Utara;DJPKT; 1.284 ;3175
161;JAWA BARAT;Kabupaten Bogor;DJPKT; 2.672 ;3201
162;JAWA BARAT;Kabupaten Sukabumi;DJPKT; 1.579 ;3202
163;JAWA BARAT;Kabupaten Cianjur;DJPKT; 1.997 ;3203
164;JAWA BARAT;Kabupaten Bandung;DJPKT; 1.836 ;3204
165;JAWA BARAT;Kabupaten Garut;DJPKT; 2.119 ;3205
166;JAWA BARAT;Kabupaten Tasikmalaya;DJPKT; 1.735 ;3206
167;JAWA BARAT;Kabupaten Ciamis;DJPKT; 1.046 ;3207
168;JAWA BARAT;Kabupaten Kuningan;DJPKT; 1.065 ;3208
169;JAWA BARAT;Kabupaten Cirebon;DJPKT; 1.505 ;3209
170;JAWA BARAT;Kabupaten Majalengka;DJPKT; 1.233 ;3210
171;JAWA BARAT;Kabupaten Sumedang;DJPKT; 1.137 ;3211
172;JAWA BARAT;Kabupaten Indramayu;DJPKT; 1.449 ;3212
173;JAWA BARAT;Kabupaten Subang;DJPKT; 1.207 ;3213
174;JAWA BARAT;Kabupaten Purwakarta;DJPKT; 979 ;3214
175;JAWA BARAT;Kabupaten Karawang;DJPKT; 1.282 ;3215
176;JAWA BARAT;Kabupaten Bekasi;DJPKT; 1.381 ;3216
177;JAWA BARAT;Kabupaten Bandung Barat;DJPKT; 1.477 ;3217
178;JAWA BARAT;Kabupaten Pangandaran;DJPDS; 703 ;3218
179;JAWA BARAT;Kota Bogor;DJPKT; 976 ;3271
180;JAWA BARAT;Kota Sukabumi;DJPKT; 677 ;3272
181;JAWA BARAT;Kota Bandung;DJPKT; 979 ;3273
182;JAWA BARAT;Kota Cirebon;DJPKT; 771 ;3274
183;JAWA BARAT;Kota Bekasi;DJPKT; 1.028 ;3275
184;JAWA BARAT;Kota Depok;DJPKT; 875 ;3276
185;JAWA BARAT;Kota Cimahi;DJPKT; 608 ;3277
186;JAWA BARAT;Kota Tasikmalaya;DJPKT; 1.025 ;3278
187;JAWA BARAT;Kota Banjar;DJPKT; 479 ;3279
188;JAWA TENGAH;Kabupaten Cilacap;DJPKT; 1.536 ;3301
189;JAWA TENGAH;Kabupaten Banyumas;DJPKT; 1.583 ;3302
190;JAWA TENGAH;Kabupaten Purbalingga;DJPKT; 1.223 ;3303
191;JAWA TENGAH;Kabupaten Banjarnegara;DJPDS; 1.313 ;3304
192;JAWA TENGAH;Kabupaten Kebumen;DJPKT; 1.388 ;3305
193;JAWA TENGAH;Kabupaten Purworejo;DJPDS; 936 ;3306
194;JAWA TENGAH;Kabupaten Wonosobo;DJPDS; 1.289 ;3307
195;JAWA TENGAH;Kabupaten Magelang;DJPKT; 1.242 ;3308
196;JAWA TENGAH;Kabupaten Boyolali;DJPKT; 960 ;3309
197;JAWA TENGAH;Kabupaten Klaten;DJPKT; 1.099 ;3310
198;JAWA TENGAH;Kabupaten Sukoharjo;DJPKT; 791 ;3311
199;JAWA TENGAH;Kabupaten Wonogiri;DJPDS; 922 ;3312
200;JAWA TENGAH;Kabupaten Karanganyar;DJPKT; 821 ;3313
201;JAWA TENGAH;Kabupaten Sragen;DJPKT; 1.110 ;3314
202;JAWA TENGAH;Kabupaten Grobogan;DJPDS; 1.439 ;3315
203;JAWA TENGAH;Kabupaten Blora;DJPDS; 1.189 ;3316
204;JAWA TENGAH;Kabupaten Rembang;DJPDS; 1.119 ;3317
205;JAWA TENGAH;Kabupaten Pati;DJPKT; 999 ;3318
206;JAWA TENGAH;Kabupaten Kudus;DJPKT; 688 ;3319
207;JAWA TENGAH;Kabupaten Jepara;DJPKT; 803 ;3320
208;JAWA TENGAH;Kabupaten Demak;DJPKT; 1.102 ;3321
209;JAWA TENGAH;Kabupaten Semarang;DJPKT; 797 ;3322
210;JAWA TENGAH;Kabupaten Temanggung;DJPKT; 854 ;3323
211;JAWA TENGAH;Kabupaten Kendal;DJPKT; 941 ;3324
212;JAWA TENGAH;Kabupaten Batang;DJPKT; 821 ;3325
213;JAWA TENGAH;Kabupaten Pekalongan;DJPKT; 842 ;3326
214;JAWA TENGAH;Kabupaten Pemalang;DJPKT; 1.438 ;3327
215;JAWA TENGAH;Kabupaten Tegal;DJPKT; 907 ;3328
216;JAWA TENGAH;Kabupaten Brebes;DJPKT; 1.697 ;3329
217;JAWA TENGAH;Kota Magelang;DJPKT; 653 ;3371
218;JAWA TENGAH;Kota Surakarta;DJPKT; 806 ;3372
219;JAWA TENGAH;Kota Salatiga;DJPKT; 591 ;3373
220;JAWA TENGAH;Kota Semarang;DJPKT; 884 ;3374
221;JAWA TENGAH;Kota Pekalongan;DJPKT; 540 ;3375
222;JAWA TENGAH;Kota Tegal;DJPKT; 553 ;3376
223;DI YOGYAKARTA;Kabupaten Kulon Progo;DJPKT; 1.015 ;3401
224;DI YOGYAKARTA;Kabupaten Bantul;DJPKT; 1.251 ;3402
225;DI YOGYAKARTA;Kabupaten Gunungkidul;DJPDS; 1.143 ;3403
226;DI YOGYAKARTA;Kabupaten Sleman;DJPKT; 975 ;3404
227;DI YOGYAKARTA;Kota Yogyakarta;DJPKT; 730 ;3471
228;JAWA TIMUR;Kabupaten Pacitan;DJPDS; 1.103 ;3501
229;JAWA TIMUR;Kabupaten Ponorogo;DJPKT; 911 ;3502
230;JAWA TIMUR;Kabupaten Trenggalek;DJPKT; 1.003 ;3503
231;JAWA TIMUR;Kabupaten Tulungagung;DJPKT; 700 ;3504
232;JAWA TIMUR;Kabupaten Blitar;DJPKT; 969 ;3505
233;JAWA TIMUR;Kabupaten Kediri;DJPKT; 1.191 ;3506
234;JAWA TIMUR;Kabupaten Malang;DJPKT; 1.566 ;3507
235;JAWA TIMUR;Kabupaten Lumajang;DJPDS; 908 ;3508
236;JAWA TIMUR;Kabupaten Jember;DJPKT; 1.566 ;3509
237;JAWA TIMUR;Kabupaten Banyuwangi;DJPKT; 862 ;3510
238;JAWA TIMUR;Kabupaten Bondowoso;DJPDS; 1.055 ;3511
239;JAWA TIMUR;Kabupaten Situbondo;DJPKT; 1.002 ;3512
240;JAWA TIMUR;Kabupaten Probolinggo;DJPKT; 1.694 ;3513
241;JAWA TIMUR;Kabupaten Pasuruan;DJPKT; 1.120 ;3514
242;JAWA TIMUR;Kabupaten Sidoarjo;DJPKT; 866 ;3515
243;JAWA TIMUR;Kabupaten Mojokerto;DJPKT; 930 ;3516
244;JAWA TIMUR;Kabupaten Jombang;DJPKT; 963 ;3517
245;JAWA TIMUR;Kabupaten Nganjuk;DJPKT; 1.031 ;3518
246;JAWA TIMUR;Kabupaten Madiun;DJPKT; 858 ;3519
247;JAWA TIMUR;Kabupaten Magetan;DJPKT; 804 ;3520
248;JAWA TIMUR;Kabupaten Ngawi;DJPDS; 1.189 ;3521
249;JAWA TIMUR;Kabupaten Bojonegoro;DJPDS; 1.326 ;3522
250;JAWA TIMUR;Kabupaten Tuban;DJPDS; 1.416 ;3523
251;JAWA TIMUR;Kabupaten Lamongan;DJPDS; 1.141 ;3524
252;JAWA TIMUR;Kabupaten Gresik;DJPKT; 1.138 ;3525
253;JAWA TIMUR;Kabupaten Bangkalan;DJPDS; 1.615 ;3526
254;JAWA TIMUR;Kabupaten Sampang;DJPDS; 1.646 ;3527
255;JAWA TIMUR;Kabupaten Pamekasan;DJPKT; 1.235 ;3528
256;JAWA TIMUR;Kabupaten Sumenep;DJPDS; 1.418 ;3529
257;JAWA TIMUR;Kota Kediri;DJPKT; 558 ;3571
258;JAWA TIMUR;Kota Blitar;DJPKT; 566 ;3572
259;JAWA TIMUR;Kota Malang;DJPKT; 658 ;3573
260;JAWA TIMUR;Kota Probolinggo;DJPKT; 411 ;3574
261;JAWA TIMUR;Kota Pasuruan;DJPKT; 564 ;3575
262;JAWA TIMUR;Kota Mojokerto;DJPKT; 439 ;3576
263;JAWA TIMUR;Kota Madiun;DJPKT; 539 ;3577
264;JAWA TIMUR;Kota Surabaya;DJPKT; 1.020 ;3578
265;JAWA TIMUR;Kota Batu;DJPKT; 448 ;3579
266;BANTEN;Kabupaten Pandeglang;DJPDS; 1.041 ;3601
267;BANTEN;Kabupaten Lebak;DJPDS; 1.010 ;3602
268;BANTEN;Kabupaten Tangerang;DJPKT; 1.510 ;3603
269;BANTEN;Kabupaten Serang;DJPKT; 693 ;3604
270;BANTEN;Kota Tangerang;DJPKT; 906 ;3671
271;BANTEN;Kota Cilegon;DJPKT; 479 ;3672
272;BANTEN;Kota Serang;DJPKT; 659 ;3673
273;BANTEN;Kota Tangerang Selatan;DJPKT; 677 ;3674
274;BALI;Kabupaten Jembrana;DJPKT; 434 ;5101
275;BALI;Kabupaten Tabanan;DJPDS; 417 ;5102
276;BALI;Kabupaten Badung;DJPKT; 395 ;5103
277;BALI;Kabupaten Gianyar;DJPKT; 412 ;5104
278;BALI;Kabupaten Klungkung;DJPKT; 432 ;5105
279;BALI;Kabupaten Bangli;DJPDS; 404 ;5106
280;BALI;Kabupaten Karangasem;DJPDS; 553 ;5107
281;BALI;Kabupaten Buleleng;DJPKT; 584 ;5108
282;BALI;Kota Denpasar;DJPKT; 416 ;5171
283;NUSA TENGGARA BARAT;Kabupaten Lombok Barat;DJPKT; 1.089 ;5201
284;NUSA TENGGARA BARAT;Kabupaten Lombok Tengah;DJPKT; 1.190 ;5202
285;NUSA TENGGARA BARAT;Kabupaten Lombok Timur;DJPKT; 1.490 ;5203
286;NUSA TENGGARA BARAT;Kabupaten Sumbawa;DJPDS; 1.017 ;5204
287;NUSA TENGGARA BARAT;Kabupaten Dompu;DJPDS; 765 ;5205
288;NUSA TENGGARA BARAT;Kabupaten Bima;DJPDS; 934 ;5206
289;NUSA TENGGARA BARAT;Kabupaten Sumbawa Barat;DJPDS; 822 ;5207
290;NUSA TENGGARA BARAT;Kabupaten Lombok Utara;DJKP; 1.045 ;5208
291;NUSA TENGGARA BARAT;Kota Mataram;DJPKT; 814 ;5271
292;NUSA TENGGARA BARAT;Kota Bima;DJPKT; 637 ;5272
293;NUSA TENGGARA TIMUR;Kabupaten Sumba Barat;DJPDS; 1.313 ;5301
294;NUSA TENGGARA TIMUR;Kabupaten Sumba Timur;DJPDS; 1.552 ;5302
295;NUSA TENGGARA TIMUR;Kabupaten Kupang;DJPDS; 1.249 ;5303
296;NUSA TENGGARA TIMUR;Kabupaten Timor Tengah Selatan;DJPDS; 1.414 ;5304
297;NUSA TENGGARA TIMUR;Kabupaten Timor Tengah Utara;DJPDS; 1.153 ;5305
298;NUSA TENGGARA TIMUR;Kabupaten Belu;DJPDS; 789 ;5306
299;NUSA TENGGARA TIMUR;Kabupaten Alor;DJKP; 891 ;5307
300;NUSA TENGGARA TIMUR;Kabupaten Lembata;DJKP; 1.183 ;5308
301;NUSA TENGGARA TIMUR;Kabupaten Flores Timur;DJKP; 668 ;5309
302;NUSA TENGGARA TIMUR;Kabupaten Sikka;DJPDS; 799 ;5310
303;NUSA TENGGARA TIMUR;Kabupaten Ende;DJPDS; 1.074 ;5311
304;NUSA TENGGARA TIMUR;Kabupaten Ngada;DJPDS; 708 ;5312
305;NUSA TENGGARA TIMUR;Kabupaten Manggarai;DJPDS; 937 ;5313
306;NUSA TENGGARA TIMUR;Kabupaten Rote Ndao;DJKP; 1.202 ;5314
307;NUSA TENGGARA TIMUR;Kabupaten Manggarai Barat;DJPDS; 993 ;5315
308;NUSA TENGGARA TIMUR;Kabupaten Sumba Tengah;DJPDS; 1.225 ;5316
309;NUSA TENGGARA TIMUR;Kabupaten Sumba Barat Daya;DJPDS; 1.417 ;5317
310;NUSA TENGGARA TIMUR;Kabupaten Nagekeo;DJPDS; 765 ;5318
311;NUSA TENGGARA TIMUR;Kabupaten Manggarai Timur;DJPDS; 1.271 ;5319
312;NUSA TENGGARA TIMUR;Kabupaten Sabu Raijua;DJKP; 1.238 ;5320
313;NUSA TENGGARA TIMUR;Kabupaten Malaka;DJPDS; 820 ;5321
314;NUSA TENGGARA TIMUR;Kota Kupang;DJPKT; 630 ;5371
315;KALIMANTAN BARAT;Kabupaten Sambas;DJPDS; 581 ;6101
316;KALIMANTAN BARAT;Kabupaten Bengkayang;DJPDS; 429 ;6102
317;KALIMANTAN BARAT;Kabupaten Landak;DJPDS; 577 ;6103
318;KALIMANTAN BARAT;Kabupaten Mempawah;DJPDS; 442 ;6104
319;KALIMANTAN BARAT;Kabupaten Sanggau;DJPDS; 491 ;6105
320;KALIMANTAN BARAT;Kabupaten Ketapang;DJPDS; 622 ;6106
321;KALIMANTAN BARAT;Kabupaten Sintang;DJPDS; 590 ;6107
322;KALIMANTAN BARAT;Kabupaten Kapuas Hulu;DJPDS; 537 ;6108
323;KALIMANTAN BARAT;Kabupaten Sekadau;DJPDS; 409 ;6109
324;KALIMANTAN BARAT;Kabupaten Melawi;DJPDS; 675 ;6110
325;KALIMANTAN BARAT;Kabupaten Kayong Utara;DJPDS; 552 ;6111
326;KALIMANTAN BARAT;Kabupaten Kubu Raya;DJPDS; 497 ;6112
327;KALIMANTAN BARAT;Kota Pontianak;DJPKT; 622 ;6171
328;KALIMANTAN BARAT;Kota Singkawang;DJPKT; 496 ;6172
329;KALIMANTAN TENGAH;Kabupaten Kotawaringin Barat;DJPDS; 394 ;6201
330;KALIMANTAN TENGAH;Kabupaten Kotawaringin Timur;DJPDS; 511 ;6202
331;KALIMANTAN TENGAH;Kabupaten Kapuas;DJPDS; 507 ;6203
332;KALIMANTAN TENGAH;Kabupaten Barito Selatan;DJPDS; 363 ;6204
333;KALIMANTAN TENGAH;Kabupaten Barito Utara;DJPDS; 480 ;6205
334;KALIMANTAN TENGAH;Kabupaten Sukamara;DJPDS; 317 ;6206
335;KALIMANTAN TENGAH;Kabupaten Lamandau;DJPDS; 356 ;6207
336;KALIMANTAN TENGAH;Kabupaten Seruyan;DJPDS; 381 ;6208
337;KALIMANTAN TENGAH;Kabupaten Katingan;DJPDS; 399 ;6209
338;KALIMANTAN TENGAH;Kabupaten Pulang Pisau;DJPDS; 407 ;6210
339;KALIMANTAN TENGAH;Kabupaten Gunung Mas;DJPDS; 342 ;6211
340;KALIMANTAN TENGAH;Kabupaten Barito Timur;DJPDS; 520 ;6212
341;KALIMANTAN TENGAH;Kabupaten Murung Raya;DJPDS; 417 ;6213
342;KALIMANTAN TENGAH;Kota Palangka Raya;DJPKT; 414 ;6271
343;KALIMANTAN SELATAN;Kabupaten Tanah Laut;DJPDS; 300 ;6301
344;KALIMANTAN SELATAN;Kabupaten Kotabaru;DJKP; 429 ;6302
345;KALIMANTAN SELATAN;Kabupaten Banjar;DJPDS; 407 ;6303
346;KALIMANTAN SELATAN;Kabupaten Barito Kuala;DJPDS; 446 ;6304
347;KALIMANTAN SELATAN;Kabupaten Tapin;DJPDS; 272 ;6305
348;KALIMANTAN SELATAN;Kabupaten Hulu Sungai Selatan;DJPDS; 339 ;6306
349;KALIMANTAN SELATAN;Kabupaten Hulu Sungai Tengah;DJPDS; 331 ;6307
350;KALIMANTAN SELATAN;Kabupaten Hulu Sungai Utara;DJPDS; 347 ;6308
351;KALIMANTAN SELATAN;Kabupaten Tabalong;DJPDS; 459 ;6309
352;KALIMANTAN SELATAN;Kabupaten Tanah Bumbu;DJPDS; 335 ;6310
353;KALIMANTAN SELATAN;Kabupaten Balangan;DJPDS; 385 ;6311
354;KALIMANTAN SELATAN;Kota Banjarmasin;DJPKT; 552 ;6371
355;KALIMANTAN SELATAN;Kota Banjarbaru;DJPKT; 408 ;6372
356;KALIMANTAN TIMUR;Kabupaten Paser;DJPDS; 560 ;6401
357;KALIMANTAN TIMUR;Kabupaten Kutai Barat;DJPDS; 545 ;6402
358;KALIMANTAN TIMUR;Kabupaten Kutai Kartanegara;DJPDS; 571 ;6403
359;KALIMANTAN TIMUR;Kabupaten Kutai Timur;DJPDS; 600 ;6404
360;KALIMANTAN TIMUR;Kabupaten Berau;DJPDS; 430 ;6405
361;KALIMANTAN TIMUR;Kabupaten Penajam Paser Utara;DJPDS; 504 ;6409
362;KALIMANTAN TIMUR;Kabupaten Mahakam Ulu;DJPDS; 528 ;6411
363;KALIMANTAN TIMUR;Kota Balikpapan;DJPKT; 422 ;6471
364;KALIMANTAN TIMUR;Kota Samarinda;DJPKT; 513 ;6472
365;KALIMANTAN TIMUR;Kota Bontang;DJKP; 436 ;6474
366;KALIMANTAN UTARA;Kabupaten Malinau;DJPDS; 342 ;6501
367;KALIMANTAN UTARA;Kabupaten Bulungan;DJPDS; 450 ;6502
368;KALIMANTAN UTARA;Kabupaten Tana Tidung;DJPDS; 370 ;6503
369;KALIMANTAN UTARA;Kabupaten Nunukan;DJPDS; 381 ;6504
370;KALIMANTAN UTARA;Kota Tarakan;DJKP; 350 ;6571
371;SULAWESI UTARA;Kabupaten Bolaang Mongondow;DJPDS; 607 ;7101
372;SULAWESI UTARA;Kabupaten Minahasa;DJPDS; 512 ;7102
373;SULAWESI UTARA;Kabupaten Kepulauan Sangihe;DJKP; 622 ;7103
374;SULAWESI UTARA;Kabupaten Kepulauan Talaud;DJKP; 556 ;7104
375;SULAWESI UTARA;Kabupaten Minahasa Selatan;DJPDS; 571 ;7105
376;SULAWESI UTARA;Kabupaten Minahasa Utara;DJPDS; 573 ;7106
377;SULAWESI UTARA;Kabupaten Bolaang Mongondow Utara;DJKP; 537 ;7107
378;SULAWESI UTARA;Kabupaten Kepulauan Siau Tagulandang Biaro;DJKP; 507 ;7108
379;SULAWESI UTARA;Kabupaten Minahasa Tenggara;DJPDS; 635 ;7109
380;SULAWESI UTARA;Kabupaten Bolaang Mongondow Selatan;DJKP; 585 ;7110
381;SULAWESI UTARA;Kabupaten Bolaang Mongondow Timur;DJPDS; 452 ;7111
382;SULAWESI UTARA;Kota Manado;DJPKT; 554 ;7171
383;SULAWESI UTARA;Kota Bitung;DJKP; 565 ;7172
384;SULAWESI UTARA;Kota Tomohon;DJPKT; 504 ;7173
385;SULAWESI UTARA;Kota Kotamobagu;DJPKT; 418 ;7174
386;SULAWESI TENGAH;Kabupaten Banggai Kepulauan;DJKP; 655 ;7201
387;SULAWESI TENGAH;Kabupaten Banggai;DJKP; 462 ;7202
388;SULAWESI TENGAH;Kabupaten Morowali;DJKP; 603 ;7203
389;SULAWESI TENGAH;Kabupaten Poso;DJPDS; 720 ;7204
390;SULAWESI TENGAH;Kabupaten Donggala;DJKP; 818 ;7205
391;SULAWESI TENGAH;Kabupaten Toli-Toli;DJKP; 679 ;7206
392;SULAWESI TENGAH;Kabupaten Buol;DJKP; 676 ;7207
393;SULAWESI TENGAH;Kabupaten Parigi Moutong;DJKP; 912 ;7208
394;SULAWESI TENGAH;Kabupaten Tojo Una-Una;DJKP; 686 ;7209
395;SULAWESI TENGAH;Kabupaten Sigi;DJPDS; 626 ;7210
396;SULAWESI TENGAH;Kabupaten Banggai Laut;DJKP; 561 ;7211
397;SULAWESI TENGAH;Kabupaten Morowali Utara;DJPDS; 485 ;7212
398;SULAWESI TENGAH;Kota Palu;DJPKT; 503 ;7271
399;SULAWESI SELATAN;Kabupaten Kepulauan Selayar;DJKP; 651 ;7301
400;SULAWESI SELATAN;Kabupaten Bulukumba;DJPDS; 572 ;7302
401;SULAWESI SELATAN;Kabupaten Bantaeng;DJPDS; 502 ;7303
402;SULAWESI SELATAN;Kabupaten Jeneponto;DJPDS; 805 ;7304
403;SULAWESI SELATAN;Kabupaten Takalar;DJPDS; 631 ;7305
404;SULAWESI SELATAN;Kabupaten Gowa;DJPDS; 706 ;7306
405;SULAWESI SELATAN;Kabupaten Sinjai;DJPDS; 594 ;7307
406;SULAWESI SELATAN;Kabupaten Maros;DJPDS; 743 ;7308
407;SULAWESI SELATAN;Kabupaten Pangkajene Dan Kepulauan;DJPDS; 713 ;7309
408;SULAWESI SELATAN;Kabupaten Barru;DJKP; 687 ;7310
409;SULAWESI SELATAN;Kabupaten Bone;DJPDS; 871 ;7311
410;SULAWESI SELATAN;Kabupaten Soppeng;DJPDS; 565 ;7312
411;SULAWESI SELATAN;Kabupaten Wajo;DJPDS; 611 ;7313
412;SULAWESI SELATAN;Kabupaten Sidenreng Rappang;DJPDS; 495 ;7314
413;SULAWESI SELATAN;Kabupaten Pinrang;DJPDS; 690 ;7315
414;SULAWESI SELATAN;Kabupaten Enrekang;DJPDS; 748 ;7316
415;SULAWESI SELATAN;Kabupaten Luwu;DJPDS; 799 ;7317
416;SULAWESI SELATAN;Kabupaten Tana Toraja;DJPDS; 710 ;7318
417;SULAWESI SELATAN;Kabupaten Luwu Utara;DJPDS; 761 ;7322
418;SULAWESI SELATAN;Kabupaten Luwu Timur;DJPDS; 620 ;7325
419;SULAWESI SELATAN;Kabupaten Toraja Utara;DJPDS; 641 ;7326
420;SULAWESI SELATAN;Kota Makassar;DJPKT; 793 ;7371
421;SULAWESI SELATAN;Kota Parepare;DJPKT; 470 ;7372
422;SULAWESI SELATAN;Kota Palopo;DJPKT; 570 ;7373
423;SULAWESI TENGGARA;Kabupaten Buton;DJKP; 784 ;7401
424;SULAWESI TENGGARA;Kabupaten Muna;DJPDS; 861 ;7402
425;SULAWESI TENGGARA;Kabupaten Konawe;DJPDS; 732 ;7403
426;SULAWESI TENGGARA;Kabupaten Kolaka;DJPDS; 630 ;7404
427;SULAWESI TENGGARA;Kabupaten Konawe Selatan;DJPDS; 770 ;7405
428;SULAWESI TENGGARA;Kabupaten Bombana;DJKP; 708 ;7406
429;SULAWESI TENGGARA;Kabupaten Wakatobi;DJKP; 741 ;7407
430;SULAWESI TENGGARA;Kabupaten Kolaka Utara;DJPDS; 771 ;7408
431;SULAWESI TENGGARA;Kabupaten Buton Utara;DJKP; 681 ;7409
432;SULAWESI TENGGARA;Kabupaten Konawe Utara;DJPDS; 838 ;7410
433;SULAWESI TENGGARA;Kabupaten Kolaka Timur;DJPDS; 779 ;7411
434;SULAWESI TENGGARA;Kabupaten Konawe Kepulauan;DJKP; 711 ;7412
435;SULAWESI TENGGARA;Kabupaten Muna Barat;DJPDS; 657 ;7413
436;SULAWESI TENGGARA;Kabupaten Buton Tengah;DJKP; 701 ;7414
437;SULAWESI TENGGARA;Kabupaten Buton Selatan;DJKP; 664 ;7415
438;SULAWESI TENGGARA;Kota Kendari;DJPKT; 523 ;7471
439;SULAWESI TENGGARA;Kota Baubau;DJPKT; 635 ;7472
440;GORONTALO;Kabupaten Boalemo;DJPDS; 1.019 ;7501
441;GORONTALO;Kabupaten Gorontalo;DJPDS; 950 ;7502
442;GORONTALO;Kabupaten Pohuwato;DJPDS; 898 ;7503
443;GORONTALO;Kabupaten Bone Bolango;DJPDS; 861 ;7504
444;GORONTALO;Kabupaten Gorontalo Utara;DJPDS; 969 ;7505
445;GORONTALO;Kota Gorontalo;DJPKT; 553 ;7571
446;SULAWESI BARAT;Kabupaten Majene;DJKP; 718 ;7601
447;SULAWESI BARAT;Kabupaten Polewali Mandar;DJPDS; 817 ;7602
448;SULAWESI BARAT;Kabupaten Mamasa;DJPDS; 741 ;7603
449;SULAWESI BARAT;Kabupaten Mamuju;DJPDS; 767 ;7604
450;SULAWESI BARAT;Kabupaten Pasangkayu;DJPDS; 384 ;7605
451;SULAWESI BARAT;Kabupaten Mamuju Tengah;DJPDS; 394 ;7606
452;MALUKU;Kabupaten Kepulauan Tanimbar;DJKP; 1.026 ;8101
453;MALUKU;Kabupaten Maluku Tenggara;DJKP; 884 ;8102
454;MALUKU;Kabupaten Maluku Tengah;DJKP; 875 ;8103
455;MALUKU;Kabupaten Buru;DJKP; 718 ;8104
456;MALUKU;Kabupaten Kepulauan Aru;DJKP; 1.029 ;8105
457;MALUKU;Kabupaten Seram Bagian Barat;DJKP; 988 ;8106
458;MALUKU;Kabupaten Seram Bagian Timur;DJKP; 886 ;8107
459;MALUKU;Kabupaten Maluku Barat Daya;DJKP; 973 ;8108
460;MALUKU;Kabupaten Buru Selatan;DJKP; 601 ;8109
461;MALUKU;Kota Ambon;DJKP; 440 ;8171
462;MALUKU;Kota Tual;DJKP; 798 ;8172
463;MALUKU UTARA;Kabupaten Halmahera Barat;DJKP; 400 ;8201
464;MALUKU UTARA;Kabupaten Halmahera Tengah;DJKP; 545 ;8202
465;MALUKU UTARA;Kabupaten Kepulauan Sula;DJKP; 379 ;8203
466;MALUKU UTARA;Kabupaten Halmahera Selatan;DJKP; 311 ;8204
467;MALUKU UTARA;Kabupaten Halmahera Utara;DJKP; 310 ;8205
468;MALUKU UTARA;Kabupaten Halmahera Timur;DJKP; 583 ;8206
469;MALUKU UTARA;Kabupaten Pulau Morotai;DJKP; 314 ;8207
470;MALUKU UTARA;Kabupaten Pulau Taliabu;DJKP; 301 ;8208
471;MALUKU UTARA;Kota Ternate;DJKP; 376 ;8271
472;MALUKU UTARA;Kota Tidore Kepulauan;DJKP; 423 ;8272
473;PAPUA BARAT;Kabupaten Fakfak;DJKP; 930 ;9101
474;PAPUA BARAT;Kabupaten Kaimana;DJKP; 838 ;9102
475;PAPUA BARAT;Kabupaten Teluk Wondama;DJKP; 1.366 ;9103
476;PAPUA BARAT;Kabupaten Teluk Bintuni;DJPDS; 1.348 ;9104
477;PAPUA BARAT;Kabupaten Manokwari;DJPDS; 995 ;9105
478;PAPUA BARAT;Kabupaten Manokwari Selatan;DJPDS; 1.207 ;9111
479;PAPUA BARAT;Kabupaten Pegunungan Arfak;DJPDS; 1.199 ;9112
480;PAPUA BARAT DAYA;Kabupaten Raja Ampat;DJKP; 1.036 ;9201
481;PAPUA BARAT DAYA;Kabupaten Sorong;DJPDS; 1.317 ;9202
482;PAPUA BARAT DAYA;Kabupaten Sorong Selatan;DJPDS; 1.232 ;9203
483;PAPUA BARAT DAYA;Kabupaten Maybrat;DJPDS; 1.386 ;9204
484;PAPUA BARAT DAYA;Kabupaten Tambrauw;DJPDS; 1.378 ;9205
485;PAPUA BARAT DAYA;Kota Sorong;DJPKT; 717 ;9271
486;PAPUA;Kabupaten Jayapura;DJPDS; 858 ;9403
487;PAPUA;Kabupaten Kepulauan Yapen;DJKP; 1.420 ;9408
488;PAPUA;Kabupaten Biak Numfor;DJKP; 1.360 ;9409
489;PAPUA;Kabupaten Sarmi;DJKP; 959 ;9419
490;PAPUA;Kabupaten Keerom;DJPDS; 1.245 ;9420
491;PAPUA;Kabupaten Waropen;DJPDS; 1.631 ;9426
492;PAPUA;Kabupaten Supiori;DJKP; 2.150 ;9427
493;PAPUA;Kabupaten Mamberamo Raya;DJPDS; 1.644 ;9428
494;PAPUA;Kota Jayapura;DJKP; 770 ;9471
495;PAPUA SELATAN;Kabupaten Merauke;DJPDS; 748 ;9501
496;PAPUA SELATAN;Kabupaten Boven Digoel;DJPDS; 1.121 ;9502
497;PAPUA SELATAN;Kabupaten Mappi;DJPDS; 1.411 ;9503
498;PAPUA SELATAN;Kabupaten Asmat;DJPDS; 1.411 ;9504
499;PAPUA TENGAH;Kabupaten Mimika;DJPDS; 738 ;9601
500;PAPUA TENGAH;Kabupaten Dogiyai;DJPDS; 1.222 ;9602
501;PAPUA TENGAH;Kabupaten Deiyai;DJPDS; 1.313 ;9603
502;PAPUA TENGAH;Kabupaten Nabire;DJPDS; 1.159 ;9604
503;PAPUA TENGAH;Kabupaten Paniai;DJPDS; 1.572 ;9605
504;PAPUA TENGAH;Kabupaten Intan Jaya;DJPDS; 1.416 ;9606
505;PAPUA TENGAH;Kabupaten Puncak;DJPDS; 1.287 ;9607
506;PAPUA TENGAH;Kabupaten Puncak Jaya;DJPDS; 1.531 ;9608
507;PAPUA PEGUNUNGAN;Kabupaten Nduga;DJPDS; 1.251 ;9701
508;PAPUA PEGUNUNGAN;Kabupaten Jayawijaya;DJPDS; 1.591 ;9702
509;PAPUA PEGUNUNGAN;Kabupaten Lanny Jaya;DJPDS; 1.478 ;9703
510;PAPUA PEGUNUNGAN;Kabupaten Tolikara;DJPDS; 1.009 ;9704
511;PAPUA PEGUNUNGAN;Kabupaten Mamberamo Tengah;DJPDS; 1.286 ;9705
512;PAPUA PEGUNUNGAN;Kabupaten Yalimo;DJPDS; 1.151 ;9706
513;PAPUA PEGUNUNGAN;Kabupaten Yahukimo;DJPDS; 1.300 ;9707
514;PAPUA PEGUNUNGAN;Kabupaten Pegunungan Bintang;DJPDS; 1.079 ;9708
